"-Accounts-","-Password-","-Access-"
"SystemAdmin@MotorPH.com","H2101BsIt","System Admin"
"Finance@MotorPH.com","H2101BsIt","Finance"
"HR@MotorPH.com","H2101BsIt","HR"
"Garcia1@MotorPH.com","1","HR"
"Lim2@MotorPH.com","2","Finance"
"Aquino3@MotorPH.com","M0t0R_ph-3","Employee"
"Reyes4@MotorPH.com","M0t0R_ph-4","Employee"
"Hernandez5@MotorPH.com","M0t0R_ph-5","Employee"
"Villanueva6@MotorPH.com","M0t0R_ph-6","Employee"
"San Jose7@MotorPH.com","M0t0R_ph-7","Employee"
"Romualdez8@MotorPH.com","M0t0R_ph-8","Employee"
"Atienza9@MotorPH.com","M0t0R_ph-9","Employee"
"Alvaro10@MotorPH.com","M0t0R_ph-10","Employee"
"Salcedo11@MotorPH.com","M0t0R_ph-11","Employee"
"Lopez12@MotorPH.com","M0t0R_ph-12","Employee"
"Farala13@MotorPH.com","M0t0R_ph-13","Employee"
"Martinez14@MotorPH.com","M0t0R_ph-14","Employee"
"Romualdez15@MotorPH.com","M0t0R_ph-15","Employee"
"Mata16@MotorPH.com","M0t0R_ph-16","Employee"
"De Leon17@MotorPH.com","M0t0R_ph-17","Employee"
"San Jose18@MotorPH.com","M0t0R_ph-18","Employee"
"Rosario19@MotorPH.com","M0t0R_ph-19","Employee"
"Bautista20@MotorPH.com","M0t0R_ph-20","Employee"
"Lazaro21@MotorPH.com","M0t0R_ph-21","Employee"
"Delos Santos22@MotorPH.com","M0t0R_ph-22","Employee"
"Santos23@MotorPH.com","M0t0R_ph-23","Employee"
"Del Rosario24@MotorPH.com","M0t0R_ph-24","Employee"
"Tolentino25@MotorPH.com","M0t0R_ph-25","Employee"
"Gutierrez26@MotorPH.com","M0t0R_ph-26","Employee"
"Manalaysay27@MotorPH.com","M0t0R_ph-27","Employee"
"Villegas28@MotorPH.com","M0t0R_ph-28","Employee"
"Ramos29@MotorPH.com","M0t0R_ph-29","Employee"
"Maceda30@MotorPH.com","M0t0R_ph-30","Employee"
"Aguilar31@MotorPH.com","M0t0R_ph-31","Employee"
"Castro32@MotorPH.com","M0t0R_ph-32","Employee"
"Martinez33@MotorPH.com","M0t0R_ph-33","Employee"
"Santos34@MotorPH.com","M0t0R_ph-34","Employee"
